time,x,y,z
0.000000000000000000e+00,0.000000000000000000e+00,0.000000000000000000e+00,8.500000000000000611e-02
1.000000000000000749e-01,3.301608767116168911e-03,-3.065817679343857838e-03,7.499934021197385281e-02
2.000000000000001499e-01,3.571037408034751382e-03,-3.246646282212570320e-03,7.503133442023075805e-02
3.000000000000002109e-01,1.980858090197679024e-03,-2.435888288841171669e-03,7.514020400991955340e-02
4.000000000000002998e-01,-2.192533290737689114e-03,7.244612594986224886e-04,7.532459547500157393e-02
5.000000000000003331e-01,-7.706611256158893072e-03,3.968932488985166263e-03,7.518665573036126260e-02
6.000000000000004219e-01,-1.527167794170645673e-02,6.515007593476429201e-03,7.585656015122471674e-02
7.000000000000005107e-01,-1.491239729920508170e-02,6.297833528601993851e-03,7.655480608200322667e-02
8.000000000000005995e-01,-5.886907612724332460e-03,3.689469446377473955e-03,7.643195163921465141e-02
9.000000000000006883e-01,9.827933511047134800e-04,1.338177155140365688e-03,7.508148094605049394e-02
1.000000000000000666e+00,5.078052801565103571e-04,-1.289428881991389877e-03,7.497566541694859754e-02
1.100000000000000755e+00,-3.752635690203297118e-03,2.314225854558832167e-03,7.509709280241654017e-02
1.200000000000000844e+00,-1.309540098470749966e-02,1.827576243201989607e-03,7.510249356341612559e-02
1.300000000000000933e+00,-3.418943611206040449e-03,1.698810903665777549e-05,7.540411375444934505e-02
1.400000000000001021e+00,2.213800904566198824e-02,-1.096868899233143478e-02,7.639143072090159858e-02
1.500000000000001110e+00,4.836908035920587517e-02,-3.097199867288293398e-02,8.008288835470694922e-02
1.600000000000001199e+00,6.238414633750712784e-02,-4.666539806648525857e-02,7.992139378767908198e-02
1.700000000000001288e+00,6.628414634683650608e-02,-4.338338902983023687e-02,7.790452151006740933e-02
1.800000000000001377e+00,6.996515587322488239e-02,-4.047554354420740408e-02,7.515726932478745959e-02
1.900000000000001465e+00,6.476924041950729571e-02,-3.588454952722608393e-02,7.535852536036405369e-02
2.000000000000001332e+00,6.207297224228415511e-02,-3.442824436874578758e-02,7.528465605370568414e-02
2.099999999999990319e+00,6.622257895213649881e-02,-3.544778628851730923e-02,7.529250091067495043e-02
2.199999999999979305e+00,6.744772277337941768e-02,-3.602750569902198052e-02,7.507490996607649181e-02
2.299999999999968292e+00,6.595333941393215216e-02,-3.296735438955599590e-02,7.514335769925810371e-02
2.399999999999957279e+00,6.124781192567030352e-02,-2.756228945298775171e-02,7.524647962137459567e-02
2.499999999999946265e+00,5.093409808668201283e-02,-2.469767574012734362e-02,7.512995632072828889e-02
2.599999999999935252e+00,5.273740144242786837e-02,-2.508710109729518981e-02,7.540091317777018742e-02
2.699999999999924238e+00,7.167835966935617864e-02,-3.047134995445195671e-02,7.644457153403060035e-02
2.799999999999913225e+00,9.842391965609177673e-02,-4.402103965019320275e-02,7.866017232270075543e-02
2.899999999999902212e+00,1.241196040808348194e-01,-6.492350774946828440e-02,8.074021092126086596e-02
2.999999999999891198e+00,1.313345626429426871e-01,-6.909224732455064577e-02,7.657882669140388121e-02
3.099999999999880185e+00,1.311757486576136666e-01,-6.417603475199447349e-02,7.518221599343975770e-02
3.199999999999869171e+00,1.240790922138224617e-01,-6.068517915544445473e-02,7.525988146003004253e-02
3.299999999999858158e+00,1.194206063186941807e-01,-5.875042581438359029e-02,7.633992419168811328e-02
3.399999999999847144e+00,1.234208504258858669e-01,-6.081144020965289360e-02,7.516168104955224527e-02
3.499999999999836131e+00,1.263801686902987498e-01,-6.273521887416715070e-02,7.507840081662318921e-02
3.599999999999825118e+00,1.256101245728027116e-01,-6.236132249444240744e-02,7.507962898817027719e-02
3.699999999999814104e+00,1.229947653966807358e-01,-5.684846581172588176e-02,7.519546311159806817e-02
3.799999999999803091e+00,1.159571645504646337e-01,-5.324902017629999651e-02,7.512367463857971828e-02
3.899999999999792077e+00,1.098860393106987354e-01,-5.347594961444853551e-02,7.525508711575239207e-02
3.999999999999781064e+00,1.147462239893371899e-01,-5.386232411211327314e-02,7.560574231932017109e-02
4.099999999999770495e+00,1.384567343230334313e-01,-6.374671338314263913e-02,7.852206882364587415e-02
4.199999999999759481e+00,1.705875551173261506e-01,-8.627137121628575267e-02,8.266352310957701677e-02
4.299999999999748468e+00,1.893803527674300380e-01,-1.008034724697248752e-01,8.020720460687572051e-02
4.399999999999737454e+00,1.913097775430916136e-01,-9.830474977903062850e-02,7.651832185113909002e-02
4.499999999999726441e+00,1.864416653108628141e-01,-9.425854649075993130e-02,7.546824458694401105e-02
4.599999999999715428e+00,1.805332213522631291e-01,-9.046693585840023810e-02,7.740176450388706886e-02
4.699999999999704414e+00,1.765032502410107118e-01,-9.202977165142847693e-02,8.261283118986832708e-02
4.799999999999693401e+00,1.888161619401192148e-01,-9.941533975950156421e-02,7.463155277002042620e-02
4.899999999999682387e+00,1.906768564954539613e-01,-9.962935941734160639e-02,7.503889657274187552e-02
4.999999999999671374e+00,1.900653064282752103e-01,-9.494990051589885516e-02,7.526285012295251542e-02
5.099999999999660361e+00,1.862667511790833397e-01,-8.966014849688708210e-02,7.504738459492620029e-02
5.199999999999649347e+00,1.819233373383024044e-01,-8.552702500409220532e-02,7.508223484168173589e-02
5.299999999999638334e+00,1.825696014650291799e-01,-8.562969369986954404e-02,7.512042433424408194e-02
5.399999999999627320e+00,1.949839754512976975e-01,-9.045701914955242562e-02,7.689770396475889558e-02
5.499999999999616307e+00,2.249659780607888571e-01,-1.091991106892465646e-01,8.136407876550721952e-02
5.599999999999605294e+00,2.495335412412162668e-01,-1.249192659755510165e-01,7.487657960132558521e-02
5.699999999999594280e+00,2.510556812989916398e-01,-1.221271234096598518e-01,7.519542485891199390e-02
5.799999999999583267e+00,2.511070661397766246e-01,-1.142269303742446673e-01,7.528367109890948816e-02
5.899999999999572253e+00,2.446795670399636857e-01,-1.099233653472669048e-01,7.541758224616533501e-02
5.999999999999561240e+00,2.429554368489113547e-01,-1.085112347646483011e-01,7.535673612919881192e-02
6.099999999999550226e+00,2.527714830597799778e-01,-1.100574347629211247e-01,7.522541613572640562e-02
6.199999999999539213e+00,2.547618888598224829e-01,-1.113697209225871648e-01,7.500065558199521532e-02
6.299999999999528200e+00,2.538339157583010541e-01,-1.095668126102374573e-01,7.516200661843670805e-02
6.399999999999517186e+00,2.516857289007122800e-01,-1.043432505843456815e-01,7.515531497722914567e-02
6.499999999999506173e+00,2.453322034787185357e-01,-1.022689180069172726e-01,7.532088908484355083e-02
6.599999999999495159e+00,2.443602038525620468e-01,-1.024547096711126148e-01,7.512818967587674146e-02
6.699999999999484146e+00,2.515739629586530302e-01,-1.052059423688726653e-01,7.586865356148832229e-02
6.799999999999473133e+00,2.776199209145779889e-01,-1.209632871231782342e-01,7.897285261734142414e-02
6.899999999999462119e+00,3.053189180063881070e-01,-1.454409107411936963e-01,8.050388107102075808e-02
6.999999999999451106e+00,3.146123542905552295e-01,-1.495498799654124134e-01,7.632539506973284871e-02
7.099999999999440092e+00,3.154379253322274756e-01,-1.440455688118845445e-01,7.521971956170434015e-02
7.199999999999429079e+00,3.067043983239200466e-01,-1.385063819070411484e-01,7.540653418116605167e-02
7.299999999999418065e+00,3.048753782585570948e-01,-1.358498329894969603e-01,7.523878569770367508e-02
7.399999999999407052e+00,3.158568315557844230e-01,-1.411694653731617455e-01,7.532281877537877479e-02
7.499999999999396039e+00,3.203787628455139203e-01,-1.441460597474045202e-01,7.498707640545931863e-02
7.599999999999385025e+00,3.203611137275428344e-01,-1.446831325393537482e-01,7.513481295526941439e-02
7.699999999999374012e+00,3.199193203972818811e-01,-1.403579716314618808e-01,7.506226986819812541e-02
7.799999999999362998e+00,3.165154388224642457e-01,-1.362015126782861185e-01,7.506498184071017099e-02
7.899999999999351985e+00,3.129059086093571307e-01,-1.353659403030553210e-01,7.500980754383769489e-02
7.999999999999340972e+00,3.163538249171119476e-01,-1.371771710271556810e-01,7.523085894612625835e-02
8.099999999999374367e+00,3.336763177021668247e-01,-1.495910349100574022e-01,7.804207402846051467e-02
8.199999999999407763e+00,3.581345857213388828e-01,-1.752657149952402404e-01,8.098692443416449782e-02
8.299999999999441158e+00,3.717063504053690348e-01,-1.921295035716391042e-01,7.889781176102558802e-02
8.399999999999474554e+00,3.758876228207289616e-01,-1.888557885120339952e-01,7.503659970114824607e-02
8.499999999999507949e+00,3.711919295754866899e-01,-1.816653268300588986e-01,7.520072619011046455e-02
8.599999999999541345e+00,3.661877501685117942e-01,-1.768381984420461239e-01,7.640728190739956571e-02
8.699999999999574740e+00,3.734703249605510478e-01,-1.842119989241277900e-01,7.808628160266219143e-02
8.799999999999608136e+00,3.822902919700608138e-01,-1.913433296571668829e-01,7.499743828821101022e-02
8.899999999999641531e+00,3.819749393344730182e-01,-1.935039862249945397e-01,7.503807064298631535e-02
8.999999999999674927e+00,3.820760539092324382e-01,-1.910561553358328668e-01,7.514550164654676401e-02
9.099999999999708322e+00,3.818639164166729438e-01,-1.850542436318312334e-01,7.510549422608976677e-02
9.199999999999741718e+00,3.786418819658668444e-01,-1.810911038484455948e-01,7.523424217276397652e-02
9.299999999999775113e+00,3.801263575230840464e-01,-1.822023462645676328e-01,7.524770292967475349e-02
9.399999999999808509e+00,3.886446796576298879e-01,-1.895973926840734125e-01,7.676542934769667315e-02
9.499999999999841904e+00,4.089546697340789572e-01,-2.145630032074505034e-01,8.006886288582866495e-02
9.599999999999875300e+00,4.240017730628109494e-01,-2.404552061179979494e-01,8.030221802625545080e-02
9.699999999999908695e+00,4.296844937349299509e-01,-2.414932719148421003e-01,7.498428162029416311e-02
9.799999999999942091e+00,4.286091264148940150e-01,-2.322206424140475789e-01,7.515814969910698806e-02
9.899999999999975486e+00,4.232194490687993249e-01,-2.220892666656982539e-01,7.625643978276225310e-02
1.000000000000000888e+01,4.185468063131356775e-01,-2.199848167375313135e-01,8.096897229678842733e-02
1.010000000000004228e+01,4.254203123660991737e-01,-2.274213593917120968e-01,7.925377411967005070e-02
1.020000000000007567e+01,4.299753175601453425e-01,-2.342289763804336344e-01,7.497579574703830407e-02
1.030000000000010907e+01,4.303062019810067751e-01,-2.325471874854625476e-01,7.513146294948618020e-02
1.040000000000014246e+01,4.323070572480388618e-01,-2.258520516317842342e-01,7.513687032418257805e-02
1.050000000000017586e+01,4.315211076216944885e-01,-2.192641702393023639e-01,7.525640317371806720e-02
1.060000000000020925e+01,4.309983004190826583e-01,-2.186260358381971192e-01,7.521391357251624998e-02
1.070000000000024265e+01,4.349314400435779771e-01,-2.221070250929964573e-01,7.577591851903006659e-02
1.080000000000027605e+01,4.518958415170026832e-01,-2.429199313534652627e-01,7.917538819451906684e-02
1.090000000000030944e+01,4.673296632503347037e-01,-2.692633591452885389e-01,8.135623010886121331e-02
1.100000000000034284e+01,4.730465582361171317e-01,-2.777140511094165487e-01,7.841690234834756967e-02
1.110000000000037623e+01,4.741601444878938976e-01,-2.710312899500065820e-01,7.534570608474491782e-02
1.120000000000040963e+01,4.707584531661428429e-01,-2.592547882966614314e-01,7.561120472033298900e-02
1.130000000000044302e+01,4.702605528994668327e-01,-2.566583240144909017e-01,7.833948723098461964e-02
1.140000000000047642e+01,4.743033547827385510e-01,-2.614381529117054126e-01,7.634492106480417206e-02
1.150000000000050981e+01,4.780633357702700481e-01,-2.665845638888946767e-01,7.499956399383266026e-02
1.160000000000054321e+01,4.777663824575170137e-01,-2.683748832135555151e-01,7.506107952196096333e-02
1.170000000000057661e+01,4.790246858790233597e-01,-2.628334898064160208e-01,7.517947069101296731e-02
1.180000000000061000e+01,4.786343125905421214e-01,-2.560531394936320093e-01,7.493916789085872110e-02
1.190000000000064340e+01,4.779466275818726739e-01,-2.536038654701925910e-01,7.500125309237713755e-02
1.200000000000067679e+01,4.797980674326955408e-01,-2.558075937929690236e-01,7.527443964867835957e-02
1.210000000000071019e+01,4.925321923733028684e-01,-2.713668271481868288e-01,7.792560117293685640e-02
1.220000000000074358e+01,5.086458590237470379e-01,-2.968901869124313531e-01,8.022879433071866684e-02
1.230000000000077698e+01,5.172090723552307256e-01,-3.132898610404600270e-01,7.891993325414131677e-02
1.240000000000081037e+01,5.220850204014019225e-01,-3.095718460070764899e-01,7.538318153261247545e-02
1.250000000000084377e+01,5.191951661989171463e-01,-3.003598851082471266e-01,7.612791818197482685e-02
1.260000000000087717e+01,5.159796756650243399e-01,-2.928700597124104799e-01,7.894113764639328068e-02
1.270000000000091056e+01,5.186807122568289907e-01,-2.977266789797067825e-01,7.975348601365651879e-02
1.280000000000094396e+01,5.250420703557032720e-01,-3.067324687192947152e-01,7.580385215666320120e-02
1.290000000000097735e+01,5.256246355248205271e-01,-3.120883857941857409e-01,7.547088319970753079e-02
1.300000000000101075e+01,5.255630187632517325e-01,-3.106310912290305981e-01,7.551160828478271914e-02
1.310000000000104414e+01,5.280082345669526722e-01,-3.024275005404135630e-01,7.614245318575202370e-02
1.320000000000107754e+01,5.281087365923815558e-01,-2.955828072366806225e-01,7.604293366201836379e-02
1.330000000000111093e+01,5.291296158277911665e-01,-2.970808441035310832e-01,7.621260232805415757e-02
1.340000000000114433e+01,5.364179098590414752e-01,-3.077177931098508679e-01,7.750129293163920963e-02
1.350000000000117772e+01,5.496868140826407512e-01,-3.321098573504902562e-01,8.019917704850937357e-02
1.360000000000121112e+01,5.574639588597988249e-01,-3.533373969789171398e-01,8.151287200541866562e-02
1.370000000000124452e+01,5.628678272100861024e-01,-3.510815888718669675e-01,7.820439888601181389e-02
1.380000000000127791e+01,5.644412575782803421e-01,-3.422296559841586649e-01,7.623461516069075794e-02
1.390000000000131131e+01,5.645088427885613935e-01,-3.327656415166467818e-01,7.911657705193408940e-02
1.400000000000134470e+01,5.645591669509625321e-01,-3.340812409847073727e-01,8.097546627572502209e-02
1.410000000000137810e+01,5.727697737100508890e-01,-3.464682842313687172e-01,7.586979085195927341e-02
1.420000000000141149e+01,5.746942426842426288e-01,-3.529780692444452472e-01,7.584388000723389645e-02
1.430000000000144489e+01,5.711625578606484011e-01,-3.604748779850954765e-01,7.583585932309669375e-02
1.440000000000147828e+01,5.670127914396592139e-01,-3.676733242134240243e-01,7.535660281288837636e-02
1.450000000000151168e+01,5.642485826570982077e-01,-3.700974233519380152e-01,7.501176049637156562e-02
1.460000000000154508e+01,5.637132195964933423e-01,-3.732092792183836494e-01,7.527169183442149192e-02
1.470000000000157847e+01,5.637420071661271015e-01,-3.876605093051834761e-01,7.513977715032051086e-02
1.480000000000161187e+01,5.554646784215471200e-01,-3.945920376766880455e-01,7.961670711115072241e-02
1.490000000000164526e+01,5.476007502591001552e-01,-4.030344148131203008e-01,8.388259942809567216e-02
1.500000000000167866e+01,5.518399397476193569e-01,-4.098516193411512187e-01,7.396938771103937771e-02
