condition,seed,fitness,distance_3d,success,valid,fallen,on_terrain,evaluations,included_in_paired_summary,brain
gaussian_p0.1_s0.05,42,4.981991848823553,4.981991848823553,False,True,False,True,6432,True,runs\gaussian_p0.1_s0.05_seed_42\attempt_000\run\best_brain.json
gaussian_p0.1_s0.15,42,4.940530783870655,4.940530783870655,False,True,False,True,6432,True,runs\gaussian_p0.1_s0.15_seed_42\attempt_000\run\best_brain.json
gaussian_p0.1_s0.45,42,5.044415526771631,5.044415526771631,False,True,False,True,6432,True,runs\gaussian_p0.1_s0.45_seed_42\attempt_000\run\best_brain.json
uniform_reset_p0.1,42,5.317751218540173,5.317751218540173,False,True,False,True,6432,True,runs\uniform_reset_p0.1_seed_42\attempt_000\run\best_brain.json
random_search,42,5.689828270092006,5.689828270092006,False,True,False,True,6432,True,runs\random_search_seed_42\attempt_000\run\best_brain.json
gaussian_p0.1_s0.05,43,5.2999198417729625,5.2999198417729625,False,True,False,True,6432,True,runs\gaussian_p0.1_s0.05_seed_43\attempt_000\run\best_brain.json
gaussian_p0.1_s0.15,43,5.229784654974985,5.229784654974985,False,True,False,True,6432,True,runs\gaussian_p0.1_s0.15_seed_43\attempt_000\run\best_brain.json
gaussian_p0.1_s0.45,43,4.996846768585984,4.996846768585984,False,True,False,True,6432,True,runs\gaussian_p0.1_s0.45_seed_43\attempt_000\run\best_brain.json
uniform_reset_p0.1,43,5.36739322339351,5.36739322339351,False,True,False,True,6432,True,runs\uniform_reset_p0.1_seed_43\attempt_000\run\best_brain.json
random_search,43,5.571077346342549,5.571077346342549,False,True,False,True,6432,True,runs\random_search_seed_43\attempt_000\run\best_brain.json
gaussian_p0.1_s0.05,44,5.340718469980375,5.340718469980375,False,True,False,True,6432,True,runs\gaussian_p0.1_s0.05_seed_44\attempt_000\run\best_brain.json
gaussian_p0.1_s0.15,44,5.244624137019596,5.244624137019596,False,True,False,True,6432,True,runs\gaussian_p0.1_s0.15_seed_44\attempt_000\run\best_brain.json
gaussian_p0.1_s0.45,44,4.982648810614027,4.982648810614027,False,True,False,True,6432,True,runs\gaussian_p0.1_s0.45_seed_44\attempt_000\run\best_brain.json
uniform_reset_p0.1,44,5.316430461115559,5.316430461115559,False,True,False,True,6432,True,runs\uniform_reset_p0.1_seed_44\attempt_000\run\best_brain.json
random_search,44,5.563623588101018,5.563623588101018,False,True,False,True,6432,True,runs\random_search_seed_44\attempt_000\run\best_brain.json
gaussian_p0.1_s0.05,45,5.317584068945124,5.317584068945124,False,True,False,True,6432,True,runs\gaussian_p0.1_s0.05_seed_45\attempt_000\run\best_brain.json
gaussian_p0.1_s0.15,45,5.2389165452792525,5.2389165452792525,False,True,False,True,6432,True,runs\gaussian_p0.1_s0.15_seed_45\attempt_000\run\best_brain.json
gaussian_p0.1_s0.45,45,5.040724098874491,5.040724098874491,False,True,False,True,6432,True,runs\gaussian_p0.1_s0.45_seed_45\attempt_000\run\best_brain.json
uniform_reset_p0.1,45,5.403294146985645,5.403294146985645,False,True,False,True,6432,True,runs\uniform_reset_p0.1_seed_45\attempt_000\run\best_brain.json
random_search,45,5.550122177859809,5.550122177859809,False,True,False,True,6432,True,runs\random_search_seed_45\attempt_000\run\best_brain.json
gaussian_p0.1_s0.05,46,5.240958559084994,5.240958559084994,False,True,False,True,6432,True,runs\gaussian_p0.1_s0.05_seed_46\attempt_000\run\best_brain.json
gaussian_p0.1_s0.15,46,5.0409945179737905,5.0409945179737905,False,True,False,True,6432,True,runs\gaussian_p0.1_s0.15_seed_46\attempt_000\run\best_brain.json
gaussian_p0.1_s0.45,46,5.036861967293386,5.036861967293386,False,True,False,True,6432,True,runs\gaussian_p0.1_s0.45_seed_46\attempt_001\run\best_brain.json
uniform_reset_p0.1,46,5.320425380533565,5.320425380533565,False,True,False,True,6432,True,runs\uniform_reset_p0.1_seed_46\attempt_000\run\best_brain.json
random_search,46,5.610145995498144,5.610145995498144,False,True,False,True,6432,True,runs\random_search_seed_46\attempt_000\run\best_brain.json
