mutation_probability,seed,final_generation,mean_final_fitness,best_final_fitness
0.0,42,100,1.9636867155816027,1.963686715581602
0.0,7,100,1.9640719757972502,1.96407197579725
0.0,1124,100,1.9674562454508513,1.9674562454508513
0.0,8486,100,1.9690276274104306,1.9690276274104306
0.0,2026,100,1.95124138927401,1.9512413892740101
0.25,42,100,1.8519441633292673,1.8267530947366526
0.25,7,100,1.8500468557313234,1.8229685591830382
0.25,1124,100,1.8362410352900158,1.804392579238185
0.25,8486,100,1.8738214947726257,1.8305679681289981
0.25,2026,100,1.9302605800079697,1.9048958225714843
0.5,42,100,1.8958395796133058,1.871758716707626
0.5,7,100,1.8459208216338958,1.8136618105800326
0.5,1124,100,1.889931378060858,1.873173265073565
0.5,8486,100,1.883451764792079,1.8381676471159918
0.5,2026,100,1.872665609096364,1.8488595401197128
0.75,42,100,1.8904157490246494,1.8666791374943181
0.75,7,100,1.8768636660769074,1.8479761062081193
0.75,1124,100,1.8936366801793807,1.8682137376036327
0.75,8486,100,1.8954075959671104,1.8652022594297462
0.75,2026,100,1.9170387548103967,1.8646164568680186
1.0,42,100,1.886689305052161,1.8431820568635822
1.0,7,100,1.8617714403759127,1.8303629637809138
1.0,1124,100,1.9589030397686513,1.9360472759963954
1.0,8486,100,1.851556960846924,1.8151786077717162
1.0,2026,100,1.9523040321594993,1.9208710313779709
