generation,evaluations,mutation_std,best,mean,std,worst
0,20,,6.061968892321197,6.211233822081568,0.07179001020032545,6.42023643314823
1,40,0.1,6.061968892321197,6.167815695622329,0.03918499051183503,6.208713554946328
2,60,0.0990909090909091,6.061968892321197,6.1649382717841785,0.037174687409806936,6.203291365203254
3,80,0.09818181818181819,6.061968892321197,6.1582162660379876,0.03309231769629149,6.1891020810296276
4,100,0.09727272727272729,6.061968892321197,6.1498866780705,0.02861771154500281,6.181272036887078
5,120,0.09636363636363637,6.061968892321197,6.146305365181738,0.028308792110206517,6.171661161992944
6,140,0.09545454545454546,6.059098727085916,6.131828265679963,0.034268706088712214,6.1669299556609225
7,160,0.09454545454545456,6.059098727085916,6.125048994428099,0.03225557076483591,6.160044304267453
8,180,0.09363636363636364,6.029011289436297,6.11520450134934,0.03582302181645252,6.155962730886193
9,200,0.09272727272727274,6.029011289436297,6.1112215168842114,0.03549689059141466,6.1558978948535605
10,220,0.09181818181818183,5.904296702902224,6.098590314029002,0.056013327407194335,6.150638157949386
11,240,0.09090909090909093,5.904296702902224,6.093594058010704,0.05560299497490586,6.14826146001954
12,260,0.09,5.904296702902224,6.088305858937683,0.053924272596973175,6.1467181856752555
13,280,0.0890909090909091,5.904296702902224,6.0825155251534895,0.05189892484430965,6.143662509294289
14,300,0.08818181818181818,5.904296702902224,6.081725471455118,0.05107581727339985,6.139937414484935
15,320,0.08727272727272727,5.551320642236302,6.050002394056348,0.12398394953879763,6.127861435326845
16,340,0.08636363636363636,5.551320642236302,6.050002394056348,0.12398394953879763,6.127861435326845
17,360,0.08545454545454545,5.551320642236302,6.038375519837486,0.12221094641385664,6.11418421287518
18,380,0.08454545454545455,5.551320642236302,6.0379741096085136,0.12197424370323579,6.11055398994474
19,400,0.08363636363636363,5.551320642236302,6.0379741096085136,0.12197424370323579,6.11055398994474
20,420,0.08272727272727273,5.551320642236302,6.037482881582907,0.1217004288358647,6.106156008295731
21,440,0.08181818181818183,5.551320642236302,6.017383559265843,0.1404496356587981,6.104021737132871
22,460,0.08090909090909092,5.551320642236302,5.991986555774957,0.14566983788239135,6.100729429432604
23,480,0.08,5.551320642236302,5.983734927938745,0.14394022404858076,6.099604177331503
24,500,0.0790909090909091,5.551320642236302,5.975172746869431,0.13894097307760078,6.084971162270347
25,520,0.07818181818181819,5.551320642236302,5.975172746869431,0.13894097307760078,6.084971162270347
26,540,0.07727272727272727,5.551320642236302,5.96772694003749,0.136831572251753,6.084299612651271
27,560,0.07636363636363637,5.551320642236302,5.949369128014277,0.13347215522556552,6.068900414860172
28,580,0.07545454545454547,5.551320642236302,5.947473196750119,0.1320222199662421,6.062409974273334
29,600,0.07454545454545455,5.551320642236302,5.938542306723158,0.1299705592101082,6.061968892321197
30,620,0.07363636363636364,5.551320642236302,5.934137235946807,0.12692153295616782,6.057731906659512
31,640,0.07272727272727274,5.551320642236302,5.90350740583102,0.1180777709442147,6.042189872439504
32,660,0.07181818181818182,5.551320642236302,5.845478449633665,0.10493818124714802,5.98226968566082
33,680,0.07090909090909091,5.551320642236302,5.8109964618434695,0.0848642462003169,5.897267440218155
34,700,0.07,5.551320642236302,5.780971852138978,0.08285990901860607,5.871848045664561
35,720,0.06909090909090909,5.551320642236302,5.746054304667815,0.08147015120559628,5.831839710247639
36,740,0.06818181818181818,5.551320642236302,5.71297167570103,0.07576647441354982,5.802888453232962
37,760,0.06727272727272728,5.54869607601326,5.6557046554017205,0.058904001992814606,5.7429156891953665
38,780,0.06636363636363636,5.520467419728085,5.6321882165735975,0.05570931511927658,5.715023378558417
39,800,0.06545454545454546,5.520467419728085,5.613798030121725,0.04244173377489722,5.677990508148427
40,820,0.06454545454545454,5.51172571284634,5.582603271078829,0.038100871289049154,5.6348914819591425
41,840,0.06363636363636364,5.449780582686978,5.560955193541,0.0421761552620827,5.6119333150858415
42,860,0.06272727272727273,5.449780582686978,5.548794462553148,0.037863791756352315,5.59221370915788
43,880,0.061818181818181814,5.449780582686978,5.54528683368618,0.03482695775481803,5.585108721103477
44,900,0.06090909090909091,5.449780582686978,5.537809623961276,0.032118429332537335,5.5739157358566285
45,920,0.060000000000000005,5.449255913659053,5.52202877876649,0.03351096963117342,5.562767487860997
46,940,0.05909090909090909,5.449255913659053,5.514456968114428,0.028994602168570166,5.54999065303185
47,960,0.05818181818181819,5.449255913659053,5.497255566587901,0.022751026137123556,5.5300537477477585
48,980,0.05727272727272728,5.449255913659053,5.48437625358131,0.02051558007458165,5.513165217841153
49,1000,0.056363636363636366,5.41735393465259,5.474569279709425,0.02156643304733547,5.498949116027137
50,1020,0.05545454545454545,5.41735393465259,5.460985609744805,0.019296361498663303,5.486865095988813
51,1040,0.05454545454545454,5.411885407480689,5.451831800380716,0.018206768557161874,5.478825863286315
52,1060,0.05363636363636364,5.322311470477298,5.437554805864504,0.03453185787140192,5.464001076477106
53,1080,0.05272727272727273,5.322311470477298,5.432991559727219,0.03310387726476826,5.461151200599747
54,1100,0.05181818181818182,5.322311470477298,5.421891364610886,0.03432016353111891,5.454410948121584
55,1120,0.05090909090909092,5.322311470477298,5.418037414904907,0.03350879526979231,5.451437840251471
56,1140,0.05,5.322311470477298,5.415939247919063,0.03248248767283873,5.449255913659053
57,1160,0.049090909090909095,5.322311470477298,5.415939247919063,0.03248248767283873,5.449255913659053
58,1180,0.04818181818181818,5.322311470477298,5.411290533813453,0.03266409918346962,5.447855589241456
59,1200,0.04727272727272728,5.322311470477298,5.405148675910255,0.03095460754794339,5.438317249037801
60,1220,0.04636363636363637,5.322311470477298,5.396868585727976,0.028549298036035616,5.427978465070627
61,1240,0.045454545454545456,5.322311470477298,5.3898092024800075,0.02678431855241086,5.4227817601756305
62,1260,0.04454545454545455,5.322311470477298,5.379921199974844,0.028544947069690282,5.41735393465259
63,1280,0.04363636363636363,5.322311470477298,5.3762254469426,0.026394790471304847,5.413041462223638
64,1300,0.04272727272727273,5.317410858070347,5.360926748182999,0.022690298255028926,5.3932301592092
65,1320,0.04181818181818182,5.297608062649379,5.348601087013006,0.02126140946106053,5.371619552684486
66,1340,0.04090909090909091,5.297608062649379,5.344737186356274,0.02009083069364762,5.367131752335169
67,1360,0.04000000000000001,5.297608062649379,5.342219697444717,0.020119396486710864,5.365740475351045
68,1380,0.03909090909090909,5.297608062649379,5.3418841032197175,0.019777337705487973,5.365597671641525
69,1400,0.038181818181818185,5.297608062649379,5.3418841032197175,0.019777337705487973,5.365597671641525
70,1420,0.03727272727272727,5.297608062649379,5.335811904052419,0.01914687071392755,5.361382042837267
71,1440,0.03636363636363636,5.297608062649379,5.327352862099005,0.01700479255499128,5.356196438682358
72,1460,0.03545454545454546,5.297608062649379,5.325025177156187,0.014934686641852345,5.3491632183343265
73,1480,0.034545454545454546,5.297608062649379,5.322333193328663,0.012697058476174894,5.347935563850976
74,1500,0.03363636363636364,5.297608062649379,5.32027198826743,0.010401028438891501,5.339573416260419
75,1520,0.03272727272727272,5.297608062649379,5.320061123614624,0.010044213702232786,5.335356123204323
76,1540,0.03181818181818182,5.2922850241874455,5.317387679704583,0.010718741583486398,5.329627017832927
77,1560,0.030909090909090917,5.2922850241874455,5.317387679704583,0.010718741583486398,5.329627017832927
78,1580,0.030000000000000002,5.290324763825792,5.313025414747481,0.010930695278859396,5.323523566392254
79,1600,0.029090909090909098,5.290324763825792,5.311057720083125,0.010980854651551393,5.322394035185429
80,1620,0.028181818181818183,5.290324763825792,5.311057720083125,0.010980854651551393,5.322394035185429
81,1640,0.027272727272727275,5.290324763825792,5.309419350222347,0.010914965627497815,5.322311470477298
82,1660,0.02636363636363636,5.290324763825792,5.309419350222347,0.010914965627497815,5.322311470477298
83,1680,0.025454545454545452,5.290324763825792,5.309419350222347,0.010914965627497815,5.322311470477298
84,1700,0.02454545454545455,5.290324763825792,5.309419350222347,0.010914965627497815,5.322311470477298
85,1720,0.023636363636363636,5.290324763825792,5.308938788394914,0.010541983050677422,5.32101937923206
86,1740,0.022727272727272728,5.290324763825792,5.308938788394914,0.010541983050677422,5.32101937923206
87,1760,0.021818181818181813,5.290324763825792,5.307858711800433,0.01035385065414346,5.320606468346097
88,1780,0.020909090909090912,5.290324763825792,5.307858711800433,0.01035385065414346,5.320606468346097
89,1800,0.020000000000000004,5.2816025066340995,5.3034627267040495,0.011528180689692791,5.31814833748495
90,1820,0.01909090909090909,5.2502043979936825,5.297869531483227,0.014331991000696367,5.316691017312938
91,1840,0.018181818181818184,5.2502043979936825,5.294621051015571,0.013809089135996745,5.311953902140191
92,1860,0.01727272727272727,5.2502043979936825,5.289856880147834,0.012099200966038589,5.3017024881078925
93,1880,0.016363636363636365,5.2502043979936825,5.286359458677308,0.012177144979034627,5.298047747528034
94,1900,0.01545454545454545,5.249529698531267,5.283730133761215,0.014086125229893014,5.297608062649379
95,1920,0.014545454545454545,5.222842270129138,5.275378580215704,0.019203300153853266,5.295278864557732
96,1940,0.013636363636363641,5.222842270129138,5.2682721684502365,0.0202138178304164,5.2913142600854135
97,1960,0.012727272727272724,5.222842270129138,5.264488321486842,0.017843384497547934,5.284222451360193
98,1980,0.011818181818181821,5.222842270129138,5.262239812058017,0.016281016367886102,5.2816818248267134
99,2000,0.010909090909090906,5.222842270129138,5.260262519564682,0.015725081382004638,5.278525366010932
100,2020,0.01,5.219863509737891,5.256065188989296,0.016751070366597086,5.277672716213728
