generation,evaluations,best,mean,worst,fitness_std,valid_fraction,fallen_fraction,on_terrain_fraction,best_distance_3d,best_core_height,target_fraction,mean_gene_std,unique_genotypes
0,32,5.727838394358699,6.081440767808581,6.318468618732109,0.10808318669511979,1.0,0.0,1.0,5.727838394358699,0.07494897188583362,0.0,0.4908253940335906,32
1,64,5.727838394358699,5.986703025474304,6.058011013763354,0.06912702786496401,1.0,0.0,1.0,5.727838394358699,0.07494897188583362,0.0,0.4588051205274692,32
2,96,5.701019841965619,5.891393794983763,5.99052485767608,0.09497106626887111,1.0,0.0,1.0,5.701019841965619,0.07504331565854509,0.0,0.3975539365534088,32
3,128,5.69543253703252,5.785196597731905,5.872323425588051,0.0607050187204764,1.0,0.0,1.0,5.69543253703252,0.07502510761506603,0.0,0.258736603451961,32
4,160,5.69543253703252,5.7293285694159986,5.750492785561178,0.015045245762068818,1.0,0.0,1.0,5.69543253703252,0.07502510761506603,0.0,0.017061568404171865,32
5,192,5.69543253703252,5.716808197764298,5.728847031603025,0.00926686486370043,1.0,0.0,1.0,5.69543253703252,0.07502510761506603,0.0,0.016750933025201278,32
6,224,5.6792946791031875,5.704758631999331,5.718574081921527,0.009704597378448507,1.0,0.0,1.0,5.6792946791031875,0.0749261823396367,0.0,0.019004887745321896,32
7,256,5.6792946791031875,5.697924763133951,5.709186087953586,0.008158874771739365,1.0,0.0,1.0,5.6792946791031875,0.0749261823396367,0.0,0.01986913887549932,32
8,288,5.676927457834986,5.691830263229273,5.701061203341759,0.007122202180952414,1.0,0.0,1.0,5.676927457834986,0.0750643332626098,0.0,0.02007439414991282,32
9,320,5.67076384874583,5.686789718481437,5.695413373322936,0.006396291701962261,1.0,0.0,1.0,5.67076384874583,0.07496590061463727,0.0,0.02151031977449306,32
10,352,5.659545231574039,5.6807033286613295,5.68812150718044,0.006353100055054397,1.0,0.0,1.0,5.659545231574039,0.07492917833591438,0.0,0.022327888505768057,32
11,384,5.648745861157523,5.673929472185261,5.682887669429696,0.008269998766345644,1.0,0.0,1.0,5.648745861157523,0.07504880709868245,0.0,0.022475481827898002,32
12,416,5.6477988205639935,5.667694047969603,5.676927457834986,0.00778838300692514,1.0,0.0,1.0,5.6477988205639935,0.07510560194836335,0.0,0.02548293601892637,32
13,448,5.639843349215032,5.660412736753234,5.670459207511329,0.00903829092513858,1.0,0.0,1.0,5.639843349215032,0.07505095545881822,0.0,0.02771453897773437,32
14,480,5.633475857292603,5.654149062584308,5.6651294663405105,0.007952442630068914,1.0,0.0,1.0,5.633475857292603,0.0750893668641684,0.0,0.029133370128117304,32
15,512,5.633475857292603,5.649287078884489,5.658303258365827,0.0063615310460601975,1.0,0.0,1.0,5.633475857292603,0.0750893668641684,0.0,0.02940640872757467,32
16,544,5.633475857292603,5.6448416310448355,5.651515767570815,0.004378122003584373,1.0,0.0,1.0,5.633475857292603,0.0750893668641684,0.0,0.031070702201516996,32
17,576,5.628491093629436,5.639739695826879,5.646688433196507,0.004688998112796545,1.0,0.0,1.0,5.628491093629436,0.07509805856435087,0.0,0.03124758885948745,32
18,608,5.627513138037507,5.636664524081255,5.642523233114299,0.004265065146930962,1.0,0.0,1.0,5.627513138037507,0.07510415094090733,0.0,0.03132046356849376,32
19,640,5.617650356234205,5.633635661448318,5.639705782997162,0.0047939608240185035,1.0,0.0,1.0,5.617650356234205,0.0750848825823956,0.0,0.03239086494320559,32
20,672,5.617650356234205,5.632192712193666,5.637074018574059,0.003948868323968209,1.0,0.0,1.0,5.617650356234205,0.0750848825823956,0.0,0.03268590295006148,32
21,704,5.617650356234205,5.630535072895366,5.634858951581478,0.004166079687664853,1.0,0.0,1.0,5.617650356234205,0.0750848825823956,0.0,0.033907418835159776,32
22,736,5.617650356234205,5.629497872683478,5.633974227556549,0.004281318405118859,1.0,0.0,1.0,5.617650356234205,0.0750848825823956,0.0,0.03430845121033601,32
23,768,5.609971674139096,5.626474463012837,5.631303615867491,0.0052543539471667676,1.0,0.0,1.0,5.609971674139096,0.07510631574542005,0.0,0.03504668896775438,32
24,800,5.609971674139096,5.625075520312711,5.63079427606337,0.004851698354862342,1.0,0.0,1.0,5.609971674139096,0.07510631574542005,0.0,0.03452799030625722,32
25,832,5.609971674139096,5.6203541804322015,5.627447385642599,0.004994663434457236,1.0,0.0,1.0,5.609971674139096,0.07510631574542005,0.0,0.03443692023498295,32
26,864,5.600114264790664,5.616558022038202,5.62377670934948,0.005605781982055669,1.0,0.0,1.0,5.600114264790664,0.07508951692713864,0.0,0.03267882760093732,32
27,896,5.594513398966593,5.613094599252843,5.620130577045571,0.005596212229225866,1.0,0.0,1.0,5.594513398966593,0.07507637217169212,0.0,0.03279855648130098,32
28,928,5.594513398966593,5.610377849166004,5.615553286483818,0.005164022901892605,1.0,0.0,1.0,5.594513398966593,0.07507637217169212,0.0,0.03146017629472245,32
29,960,5.593212023229549,5.608345361628165,5.614188358656154,0.005774155290633096,1.0,0.0,1.0,5.593212023229549,0.07525222987864694,0.0,0.03177311744640837,32
30,992,5.593212023229549,5.606278783819953,5.6133962067591145,0.006152349040309839,1.0,0.0,1.0,5.593212023229549,0.07525222987864694,0.0,0.032757880193738084,32
31,1024,5.568183715596182,5.60240835146817,5.6114913685927466,0.008953949643791604,1.0,0.0,1.0,5.568183715596182,0.07596713578033981,0.0,0.032290839592534475,32
32,1056,5.568183715596182,5.596948646437733,5.607446658610252,0.01053349749682755,1.0,0.0,1.0,5.568183715596182,0.07596713578033981,0.0,0.032966863026123804,32
33,1088,5.563530484398612,5.58931636354396,5.603944077862771,0.01243175647582341,1.0,0.0,1.0,5.563530484398612,0.07725397797919065,0.0,0.03222486836786117,32
34,1120,5.5495835383033745,5.581612724886116,5.597517617996904,0.012264058564072478,1.0,0.0,1.0,5.5495835383033745,0.07769335905894856,0.0,0.03271038775955369,32
35,1152,5.5495835383033745,5.577239090680905,5.590327576583839,0.009745568282746067,1.0,0.0,1.0,5.5495835383033745,0.07769335905894856,0.0,0.03064811084180052,32
36,1184,5.5495835383033745,5.570507509258769,5.580902318450513,0.007146429835668681,1.0,0.0,1.0,5.5495835383033745,0.07769335905894856,0.0,0.029993121760919936,32
37,1216,5.5495835383033745,5.567003927810673,5.574741720088814,0.006195667366341275,1.0,0.0,1.0,5.5495835383033745,0.07769335905894856,0.0,0.0282393899358104,32
38,1248,5.5495835383033745,5.563607762736773,5.57103417055268,0.005555914807039968,1.0,0.0,1.0,5.5495835383033745,0.07769335905894856,0.0,0.028006496647248073,32
39,1280,5.5495835383033745,5.560706182878835,5.568183715596182,0.005617943495418586,1.0,0.0,1.0,5.5495835383033745,0.07769335905894856,0.0,0.028819296994660043,32
40,1312,5.541760027474884,5.556120883186777,5.5645540459169505,0.006623942040739731,1.0,0.0,1.0,5.541760027474884,0.07780877117917384,0.0,0.02873146044226266,32
41,1344,5.541760027474884,5.5534692194751685,5.561929893467322,0.006367445048026612,1.0,0.0,1.0,5.541760027474884,0.07780877117917384,0.0,0.028076130657955136,32
42,1376,5.538141859229846,5.550091819831122,5.558638527797136,0.005889714108034089,1.0,0.0,1.0,5.538141859229846,0.07966131410176193,0.0,0.027172983251688255,32
43,1408,5.524836397501226,5.5469383249678,5.556033712619009,0.006933394859801397,1.0,0.0,1.0,5.524836397501226,0.07927904565469013,0.0,0.02566170271348765,32
44,1440,5.524836397501226,5.545219075159968,5.553578062243019,0.005987614344655715,1.0,0.0,1.0,5.524836397501226,0.07927904565469013,0.0,0.024808992485606633,32
45,1472,5.523171569568871,5.543917823956081,5.551227988925891,0.0066010939837065465,1.0,0.0,1.0,5.523171569568871,0.07901563506095075,0.0,0.025463041943064254,32
46,1504,5.51666403867373,5.540980333485037,5.5481604276370176,0.007546373669268107,1.0,0.0,1.0,5.51666403867373,0.0801642680975611,0.0,0.02419363704897764,32
47,1536,5.5165066427159575,5.5379838408623465,5.546325349790632,0.008322967907644878,1.0,0.0,1.0,5.5165066427159575,0.07829853446213654,0.0,0.024795723563540317,32
48,1568,5.5165066427159575,5.534969187374866,5.544354349806193,0.008729562897691038,1.0,0.0,1.0,5.5165066427159575,0.07829853446213654,0.0,0.024316086819848752,32
49,1600,5.508040307714149,5.528271080118852,5.538950667955591,0.008907669934568126,1.0,0.0,1.0,5.508040307714149,0.0811674113246457,0.0,0.025224703970371385,32
50,1632,5.505899989138874,5.5239040223151274,5.53506142050092,0.008022923851266031,1.0,0.0,1.0,5.505899989138874,0.080151457662264,0.0,0.026070507377828993,32
51,1664,5.503401390450895,5.520312989160531,5.529000958737183,0.006603703693050425,1.0,0.0,1.0,5.503401390450895,0.07979578848803677,0.0,0.027478138885392165,32
52,1696,5.503401390450895,5.518708758701318,5.526511607056214,0.00606250476777801,1.0,0.0,1.0,5.503401390450895,0.07979578848803677,0.0,0.027572765685297762,32
53,1728,5.495945446061527,5.514419631454892,5.523233723343201,0.0062518564667154945,1.0,0.0,1.0,5.495945446061527,0.08038703669895111,0.0,0.02791619211849335,32
54,1760,5.48448918811075,5.5108192483648875,5.51785219559537,0.0073029585558892105,1.0,0.0,1.0,5.48448918811075,0.08214723708283965,0.0,0.027684789154537183,32
55,1792,5.48448918811075,5.507855328940307,5.5165066427159575,0.008432195538101766,1.0,0.0,1.0,5.48448918811075,0.08214723708283965,0.0,0.027152055270382627,32
56,1824,5.4825915954710025,5.503469924096628,5.512401523017219,0.008418067369503604,1.0,0.0,1.0,5.4825915954710025,0.08260142299061418,0.0,0.02463209764431015,32
57,1856,5.4825915954710025,5.500232692988664,5.510162640833447,0.00783424495137449,1.0,0.0,1.0,5.4825915954710025,0.08260142299061418,0.0,0.024266148115305215,32
58,1888,5.4825915954710025,5.495653161388212,5.5044022097174965,0.0067758727124880265,1.0,0.0,1.0,5.4825915954710025,0.08260142299061418,0.0,0.019230563664482104,32
59,1920,5.481416559718015,5.490393377567468,5.499105242702773,0.005219468898914651,1.0,0.0,1.0,5.481416559718015,0.0821968378221812,0.0,0.018440613462900164,32
60,1952,5.481416559718015,5.488979834918391,5.495555715127916,0.00376372539943646,1.0,0.0,1.0,5.481416559718015,0.0821968378221812,0.0,0.019049278809922673,32
61,1984,5.481416559718015,5.488394938965461,5.492254910226143,0.0031717782050495634,1.0,0.0,1.0,5.481416559718015,0.0821968378221812,0.0,0.01860756023505439,32
62,2016,5.481416559718015,5.487722473074449,5.491370406751844,0.0028816506872322662,1.0,0.0,1.0,5.481416559718015,0.0821968378221812,0.0,0.018602963690297684,32
63,2048,5.479040007033368,5.486858233287258,5.490395451072993,0.002979572451648765,1.0,0.0,1.0,5.479040007033368,0.08289484668293101,0.0,0.019080618012083335,32
64,2080,5.479040007033368,5.485598433513471,5.489210968670557,0.0026029314949117146,1.0,0.0,1.0,5.479040007033368,0.08289484668293101,0.0,0.01930198953291901,32
65,2112,5.475485562344377,5.484490279757882,5.4889032478631785,0.0028828897979738654,1.0,0.0,1.0,5.475485562344377,0.08291389900560771,0.0,0.020609511743916294,32
66,2144,5.474788981709672,5.4834421550571655,5.487099388273005,0.00303561353495458,1.0,0.0,1.0,5.474788981709672,0.08587339954439405,0.0,0.021055037787115694,32
67,2176,5.4744704015054895,5.482407761798095,5.485484130820428,0.0030293771321149776,1.0,0.0,1.0,5.4744704015054895,0.08304658665786536,0.0,0.02097185038831171,32
68,2208,5.469401532645607,5.48122284735352,5.484731285855073,0.0036511878280578664,1.0,0.0,1.0,5.469401532645607,0.08449201227527357,0.0,0.021364941491622207,32
69,2240,5.469401532645607,5.47983891109867,5.48390111146949,0.00392388821225875,1.0,0.0,1.0,5.469401532645607,0.08449201227527357,0.0,0.020601527995686507,32
70,2272,5.469401532645607,5.478866994090775,5.483698503419033,0.003909209968694532,1.0,0.0,1.0,5.469401532645607,0.08449201227527357,0.0,0.020535807884083823,32
71,2304,5.465909283560163,5.47726924635713,5.4825915954710025,0.00423274614531074,1.0,0.0,1.0,5.465909283560163,0.0864487008700644,0.0,0.0211918782556476,32
72,2336,5.465909283560163,5.475691196083416,5.4812447731818175,0.004390243273285604,1.0,0.0,1.0,5.465909283560163,0.0864487008700644,0.0,0.0203442548551317,32
73,2368,5.465909283560163,5.474951330308747,5.48027652144729,0.004298153193589726,1.0,0.0,1.0,5.465909283560163,0.0864487008700644,0.0,0.022059765859759408,32
74,2400,5.453124304212635,5.472670400346205,5.47886650389397,0.004969557917235612,1.0,0.0,1.0,5.453124304212635,0.08570253077600998,0.0,0.022052303119878217,32
75,2432,5.4505457897689595,5.470300193098569,5.475485562344377,0.005637565233579058,1.0,0.0,1.0,5.4505457897689595,0.08673279752897543,0.0,0.022319364242689932,32
76,2464,5.447019396813758,5.4684893260221665,5.4744704015054895,0.006713326090495546,1.0,0.0,1.0,5.447019396813758,0.093501716287597,0.0,0.022236644401426177,32
77,2496,5.447019396813758,5.468025085535507,5.474056079844026,0.006431137753506815,1.0,0.0,1.0,5.447019396813758,0.093501716287597,0.0,0.022396634281417253,32
78,2528,5.444976060701409,5.466481037939895,5.473556893884266,0.007493481162709551,1.0,0.0,1.0,5.444976060701409,0.08711605996477385,0.0,0.022265685102829006,32
79,2560,5.438416455587535,5.4639052232005785,5.47156529690181,0.008680417911804041,1.0,0.0,1.0,5.438416455587535,0.08650019501347914,0.0,0.022755839595055845,32
80,2592,5.438416455587535,5.462689386729792,5.47056177192797,0.008596185147858999,1.0,0.0,1.0,5.438416455587535,0.08650019501347914,0.0,0.023818461927076307,32
81,2624,5.438416455587535,5.4611117598277765,5.4687456885441295,0.007976905400960566,1.0,0.0,1.0,5.438416455587535,0.08650019501347914,0.0,0.02407842191153483,32
82,2656,5.438416455587535,5.459294351899828,5.4676863109016205,0.007709128318153521,1.0,0.0,1.0,5.438416455587535,0.08650019501347914,0.0,0.024374136842450378,32
83,2688,5.438416455587535,5.457097995835401,5.465909283560163,0.00686313197753704,1.0,0.0,1.0,5.438416455587535,0.08650019501347914,0.0,0.024492356781783617,32
84,2720,5.438416455587535,5.454635609478433,5.464055873293897,0.006535347480891349,1.0,0.0,1.0,5.438416455587535,0.08650019501347914,0.0,0.0257767598542342,32
85,2752,5.438416455587535,5.453579318509492,5.461647818372872,0.005984550848001209,1.0,0.0,1.0,5.438416455587535,0.08650019501347914,0.0,0.025852583029543148,32
86,2784,5.438416455587535,5.45267958814252,5.46017382208123,0.005493569439590643,1.0,0.0,1.0,5.438416455587535,0.08650019501347914,0.0,0.026564705193609622,32
87,2816,5.438416455587535,5.451636602233242,5.4585624569227225,0.004812818846833573,1.0,0.0,1.0,5.438416455587535,0.08650019501347914,0.0,0.027191473764659857,32
88,2848,5.438416455587535,5.4515412544007,5.457300994467374,0.004693726418254562,1.0,0.0,1.0,5.438416455587535,0.08650019501347914,0.0,0.02754435279747055,32
89,2880,5.438416455587535,5.451176621054335,5.456860917158801,0.004444715128352421,1.0,0.0,1.0,5.438416455587535,0.08650019501347914,0.0,0.027788234482700347,32
90,2912,5.438416455587535,5.4505179441267515,5.455852750213832,0.003982162761319745,1.0,0.0,1.0,5.438416455587535,0.08650019501347914,0.0,0.027624160417499224,32
91,2944,5.434503908417682,5.449034117374987,5.453697670115857,0.004600959363634582,1.0,0.0,1.0,5.434503908417682,0.086837520176558,0.0,0.026679033389923165,32
92,2976,5.434503908417682,5.448023739534483,5.453346693520248,0.0048343743326682,1.0,0.0,1.0,5.434503908417682,0.086837520176558,0.0,0.026563936081641426,32
93,3008,5.430282380080345,5.446361540773214,5.45203143919473,0.005329001863562534,1.0,0.0,1.0,5.430282380080345,0.08675534042826699,0.0,0.026382713814413837,32
94,3040,5.425399954311662,5.44374829955944,5.450459521336161,0.006340137827655547,1.0,0.0,1.0,5.425399954311662,0.08923696330923342,0.0,0.027957706131337006,32
95,3072,5.425399954311662,5.44374383111422,5.450316531089112,0.0063354549321269086,1.0,0.0,1.0,5.425399954311662,0.08923696330923342,0.0,0.027917425775029318,32
96,3104,5.425399954311662,5.443530660106306,5.4502392347715585,0.006224505544808359,1.0,0.0,1.0,5.425399954311662,0.08923696330923342,0.0,0.027882973914610507,32
97,3136,5.425399954311662,5.443530660106306,5.4502392347715585,0.006224505544808359,1.0,0.0,1.0,5.425399954311662,0.08923696330923342,0.0,0.027882973914610507,32
98,3168,5.425399954311662,5.443091127750576,5.449976258556667,0.006020137853194734,1.0,0.0,1.0,5.425399954311662,0.08923696330923342,0.0,0.028883071745115067,32
99,3200,5.425399954311662,5.442020215063423,5.449242255797354,0.006092171520142578,1.0,0.0,1.0,5.425399954311662,0.08923696330923342,0.0,0.029532930184122837,32
100,3232,5.425399954311662,5.441406103881298,5.448636650955625,0.005731775358661657,1.0,0.0,1.0,5.425399954311662,0.08923696330923342,0.0,0.030023333438156483,32
101,3264,5.425399954311662,5.440408787574929,5.446919579343094,0.0051612663470634555,1.0,0.0,1.0,5.425399954311662,0.08923696330923342,0.0,0.030700863718581682,32
102,3296,5.425399954311662,5.440032982949404,5.446348711180279,0.004918948920657374,1.0,0.0,1.0,5.425399954311662,0.08923696330923342,0.0,0.031028272892221962,32
103,3328,5.425399954311662,5.4396575911221134,5.444976060701409,0.004563738135169536,1.0,0.0,1.0,5.425399954311662,0.08923696330923342,0.0,0.03138804824250992,32
104,3360,5.425399954311662,5.439414389073434,5.4443686398568145,0.004395459009116883,1.0,0.0,1.0,5.425399954311662,0.08923696330923342,0.0,0.030465221670645887,32
105,3392,5.418746755668765,5.437808534320045,5.443193006817538,0.0051971449262284645,1.0,0.0,1.0,5.418746755668765,0.08663445345745482,0.0,0.030835885558356414,32
106,3424,5.418746755668765,5.4372228785488765,5.442210975923765,0.005068926726904567,1.0,0.0,1.0,5.418746755668765,0.08663445345745482,0.0,0.03163073149235437,32
107,3456,5.418746755668765,5.436910460500716,5.442092375770856,0.005059943775600781,1.0,0.0,1.0,5.418746755668765,0.08663445345745482,0.0,0.03144926761781775,32
108,3488,5.418746755668765,5.436614369097638,5.44190427534741,0.004962026883058007,1.0,0.0,1.0,5.418746755668765,0.08663445345745482,0.0,0.03200606286393563,32
109,3520,5.418746755668765,5.435500633157431,5.440654194991919,0.005418817973208866,1.0,0.0,1.0,5.418746755668765,0.08663445345745482,0.0,0.03255087709006589,32
110,3552,5.418746755668765,5.434788390998889,5.4403619475615805,0.0053964310932594324,1.0,0.0,1.0,5.418746755668765,0.08663445345745482,0.0,0.032276683471870314,32
111,3584,5.418746755668765,5.433827828778105,5.4395953712808245,0.005269471861470003,1.0,0.0,1.0,5.418746755668765,0.08663445345745482,0.0,0.03200784933194275,32
112,3616,5.418746755668765,5.432810818959313,5.438752860463397,0.0050814220691350435,1.0,0.0,1.0,5.418746755668765,0.08663445345745482,0.0,0.03203665391905758,32
113,3648,5.418475297415144,5.431216194377598,5.4372013596996265,0.005064742557812808,1.0,0.0,1.0,5.418475297415144,0.08565613074233538,0.0,0.031032219807945453,32
114,3680,5.417841354689805,5.430012220607858,5.436752192783675,0.005759631471633339,1.0,0.0,1.0,5.417841354689805,0.09015758165652298,0.0,0.030175902323623157,32
115,3712,5.413604183319165,5.428172918183291,5.4352376807368366,0.005984197050810842,1.0,0.0,1.0,5.413604183319165,0.08316482347462477,0.0,0.02935923251708834,32
116,3744,5.413604183319165,5.426869725181114,5.433850505518066,0.005582579984004071,1.0,0.0,1.0,5.413604183319165,0.08316482347462477,0.0,0.02670947141753293,32
117,3776,5.41352389607609,5.425367791959873,5.432497170387988,0.005523589849719573,1.0,0.0,1.0,5.41352389607609,0.08971251839627487,0.0,0.02556283664135732,32
118,3808,5.41352389607609,5.424060016464024,5.430656987225915,0.0049471281054146955,1.0,0.0,1.0,5.41352389607609,0.08971251839627487,0.0,0.026272495367336723,32
119,3840,5.404363903858423,5.422473530178234,5.429142392210159,0.005415555987723025,1.0,0.0,1.0,5.404363903858423,0.08869771656233912,0.0,0.025074359198531977,32
120,3872,5.404363903858423,5.420136873081142,5.427274376248152,0.005780176857070975,1.0,0.0,1.0,5.404363903858423,0.08869771656233912,0.0,0.0253529397405971,32
121,3904,5.402104695683667,5.418498265946818,5.425585051137509,0.006143250237188201,1.0,0.0,1.0,5.402104695683667,0.08635761600392923,0.0,0.026463825534863705,32
122,3936,5.389781893898352,5.41594433335437,5.423792104077001,0.008309004515112746,1.0,0.0,1.0,5.389781893898352,0.08929789851458712,0.0,0.023102565516485464,32
123,3968,5.381718244006099,5.411226007356065,5.422330570341548,0.011196696449795611,1.0,0.0,1.0,5.381718244006099,0.0682884452253397,0.0,0.02408625254545156,32
124,4000,5.381718244006099,5.406918399841761,5.419195500885423,0.011252059525037607,1.0,0.0,1.0,5.381718244006099,0.0682884452253397,0.0,0.0256325439204681,32
125,4032,5.368121674313948,5.400181984009358,5.413604183319165,0.01170071204131899,1.0,0.0,1.0,5.368121674313948,0.08882544842067276,0.0,0.02673608260613765,32
126,4064,5.368121674313948,5.394201458823259,5.410615609994296,0.011901057126261046,1.0,0.0,1.0,5.368121674313948,0.08882544842067276,0.0,0.02710697947078032,32
127,4096,5.368121674313948,5.391148624879479,5.404404211644467,0.01025192552757875,1.0,0.0,1.0,5.368121674313948,0.08882544842067276,0.0,0.02652155115683872,32
128,4128,5.3595172013348025,5.386325233799813,5.3992137354187415,0.00959858820727675,1.0,0.0,1.0,5.3595172013348025,0.08893191654745453,0.0,0.02694339754742127,32
129,4160,5.3595172013348025,5.3834330277039815,5.395593532093631,0.008628605764763682,1.0,0.0,1.0,5.3595172013348025,0.08893191654745453,0.0,0.026509947086267804,32
130,4192,5.3595172013348025,5.381289577222235,5.3930678050111025,0.00793811966923895,1.0,0.0,1.0,5.3595172013348025,0.08893191654745453,0.0,0.025600670498333304,32
131,4224,5.3595172013348025,5.378685246645446,5.387616300933046,0.00641055973664673,1.0,0.0,1.0,5.3595172013348025,0.08893191654745453,0.0,0.02635620240017877,32
132,4256,5.35863914808171,5.377440246070036,5.386115914820112,0.006867076418390213,1.0,0.0,1.0,5.35863914808171,0.07092785585202148,0.0,0.02689102823269225,32
133,4288,5.35863914808171,5.376750813047394,5.384880919431323,0.006367550328449811,1.0,0.0,1.0,5.35863914808171,0.07092785585202148,0.0,0.026092441989670707,32
134,4320,5.35863914808171,5.375322243894021,5.381525590513434,0.0057773967695199735,1.0,0.0,1.0,5.35863914808171,0.07092785585202148,0.0,0.026687231382662737,32
135,4352,5.35863914808171,5.374897698479419,5.380396714246612,0.005537367295545962,1.0,0.0,1.0,5.35863914808171,0.07092785585202148,0.0,0.027402973794582463,32
136,4384,5.35863914808171,5.374439597973428,5.3799823551430785,0.00529209883763725,1.0,0.0,1.0,5.35863914808171,0.07092785585202148,0.0,0.027932600873174153,32
137,4416,5.357968172357537,5.372847806262321,5.378847841586784,0.005673086866306107,1.0,0.0,1.0,5.357968172357537,0.06879424712189626,0.0,0.02869952947621116,32
138,4448,5.357968172357537,5.3715940260015715,5.378082795877991,0.005530722187014746,1.0,0.0,1.0,5.357968172357537,0.06879424712189626,0.0,0.029648736483327224,32
139,4480,5.346450076480845,5.368633776886151,5.376493418269963,0.00682067559093371,1.0,0.0,1.0,5.346450076480845,0.07512714376404249,0.0,0.030145495417002028,32
140,4512,5.346450076480845,5.365856504783521,5.3734154167214445,0.006609432018323068,1.0,0.0,1.0,5.346450076480845,0.07512714376404249,0.0,0.030738328039903885,32
141,4544,5.344297423932552,5.361671148660532,5.370083385372601,0.006715015454207526,1.0,0.0,1.0,5.344297423932552,0.07941153124472533,0.0,0.028191464270407272,32
142,4576,5.344297423932552,5.358665591810569,5.3651423568550864,0.005170307439134969,1.0,0.0,1.0,5.344297423932552,0.07941153124472533,0.0,0.021292537651597575,32
143,4608,5.344297423932552,5.357739068494192,5.363299755341378,0.004711961807763126,1.0,0.0,1.0,5.344297423932552,0.07941153124472533,0.0,0.022600814733519752,32
144,4640,5.344144757395644,5.354647662896625,5.360356902065495,0.004858862340563369,1.0,0.0,1.0,5.344144757395644,0.07763455585489085,0.0,0.023004865208629974,32
145,4672,5.33384200766803,5.351883584565657,5.358390667182719,0.005331232183303593,1.0,0.0,1.0,5.33384200766803,0.07796570035847876,0.0,0.021334771157378828,32
146,4704,5.330045764349483,5.347803672816053,5.355118520777569,0.006323545512614213,1.0,0.0,1.0,5.330045764349483,0.07673759922989268,0.0,0.02235044152224084,32
147,4736,5.3278581650740815,5.346010002018033,5.353880661714789,0.0073596351638771824,1.0,0.0,1.0,5.3278581650740815,0.07807619974724664,0.0,0.022615443717782263,32
148,4768,5.3278581650740815,5.344092881253468,5.3520632290100645,0.006743418509204195,1.0,0.0,1.0,5.3278581650740815,0.07807619974724664,0.0,0.023292410930084224,32
149,4800,5.3278581650740815,5.3417735168634355,5.349857285035143,0.006285619154671382,1.0,0.0,1.0,5.3278581650740815,0.07807619974724664,0.0,0.02273253489709546,32
150,4832,5.3278581650740815,5.340201251534429,5.348051833370756,0.005757065230097019,1.0,0.0,1.0,5.3278581650740815,0.07807619974724664,0.0,0.023154763164812735,32
151,4864,5.324398209052586,5.337223417492018,5.345633584555668,0.005717176847762898,1.0,0.0,1.0,5.324398209052586,0.08164111530234248,0.0,0.02370524886478697,32
152,4896,5.324398209052586,5.336841115722345,5.344941154679177,0.0054298795089015115,1.0,0.0,1.0,5.324398209052586,0.08164111530234248,0.0,0.024126658905443795,32
153,4928,5.324398209052586,5.336077220041624,5.343582247255239,0.004802243635427647,1.0,0.0,1.0,5.324398209052586,0.08164111530234248,0.0,0.024608743050298525,32
154,4960,5.324398209052586,5.335636115762346,5.340956823968461,0.004475181568561817,1.0,0.0,1.0,5.324398209052586,0.08164111530234248,0.0,0.024642347555926897,32
155,4992,5.324398209052586,5.334720395335451,5.340212444873947,0.0043594348233942665,1.0,0.0,1.0,5.324398209052586,0.08164111530234248,0.0,0.02509359023153425,32
156,5024,5.324398209052586,5.334270331553965,5.339442785495492,0.004490463023594298,1.0,0.0,1.0,5.324398209052586,0.08164111530234248,0.0,0.02545857408071745,32
157,5056,5.323518602163986,5.33299601201461,5.3389535436439965,0.004447802652628753,1.0,0.0,1.0,5.323518602163986,0.07486651289261749,0.0,0.02656523165302294,32
158,5088,5.312030491682433,5.33135088951486,5.337391690671984,0.005482867251972792,1.0,0.0,1.0,5.312030491682433,0.07423214886884366,0.0,0.02725761894048156,32
159,5120,5.312030491682433,5.330588057992194,5.33691839145305,0.005466693947967371,1.0,0.0,1.0,5.312030491682433,0.07423214886884366,0.0,0.028068982329321777,32
160,5152,5.312030491682433,5.3300989658927005,5.336398328601647,0.005268724439253474,1.0,0.0,1.0,5.312030491682433,0.07423214886884366,0.0,0.02836615836646201,32
161,5184,5.312030491682433,5.329846967250461,5.336101115805833,0.005152979555939995,1.0,0.0,1.0,5.312030491682433,0.07423214886884366,0.0,0.02869321994334259,32
162,5216,5.312030491682433,5.3288756911641695,5.33594405132129,0.005554694876708866,1.0,0.0,1.0,5.312030491682433,0.07423214886884366,0.0,0.028980463206455795,32
163,5248,5.312030491682433,5.32869208040966,5.335941369578331,0.00541332443831572,1.0,0.0,1.0,5.312030491682433,0.07423214886884366,0.0,0.029002820631817756,32
164,5280,5.312030491682433,5.328149541771678,5.335447194397173,0.00509982961972123,1.0,0.0,1.0,5.312030491682433,0.07423214886884366,0.0,0.029371441434524744,32
165,5312,5.312030491682433,5.328068185945492,5.335169256038457,0.005002602414457131,1.0,0.0,1.0,5.312030491682433,0.07423214886884366,0.0,0.0293794071933664,32
166,5344,5.312030491682433,5.32696995320023,5.33373440391311,0.005443222701145357,1.0,0.0,1.0,5.312030491682433,0.07423214886884366,0.0,0.029996578512764865,32
167,5376,5.312030491682433,5.326676770839565,5.333633338693313,0.005194353366621901,1.0,0.0,1.0,5.312030491682433,0.07423214886884366,0.0,0.030395871489235216,32
168,5408,5.312030491682433,5.325761733792865,5.33162659670205,0.004945964348041372,1.0,0.0,1.0,5.312030491682433,0.07423214886884366,0.0,0.030603164781852262,32
169,5440,5.312030491682433,5.325476216052312,5.331069211931521,0.0048621651868699985,1.0,0.0,1.0,5.312030491682433,0.07423214886884366,0.0,0.030859823849538632,32
170,5472,5.312030491682433,5.325172385061486,5.330157262125208,0.004731719139987528,1.0,0.0,1.0,5.312030491682433,0.07423214886884366,0.0,0.03130924709185374,32
171,5504,5.312030491682433,5.324845116900591,5.3300685071769855,0.004563819675924922,1.0,0.0,1.0,5.312030491682433,0.07423214886884366,0.0,0.031097546675963372,32
172,5536,5.312030491682433,5.324664868635969,5.329764507228641,0.004456070037736002,1.0,0.0,1.0,5.312030491682433,0.07423214886884366,0.0,0.03161347377910094,32
173,5568,5.312030491682433,5.324469847065862,5.329625661088556,0.004364231539181124,1.0,0.0,1.0,5.312030491682433,0.07423214886884366,0.0,0.031609456814324595,32
174,5600,5.312030491682433,5.324117714337907,5.32955301970586,0.004388550605302205,1.0,0.0,1.0,5.312030491682433,0.07423214886884366,0.0,0.03179791143903281,32
175,5632,5.312030491682433,5.323474594726722,5.328492406022223,0.004388832494347258,1.0,0.0,1.0,5.312030491682433,0.07423214886884366,0.0,0.031817992214134214,32
176,5664,5.312030491682433,5.322585806757585,5.327824413785966,0.004390345151091601,1.0,0.0,1.0,5.312030491682433,0.07423214886884366,0.0,0.032316750723539,32
177,5696,5.312030491682433,5.322071196297923,5.326885431858131,0.0041280632181598465,1.0,0.0,1.0,5.312030491682433,0.07423214886884366,0.0,0.032504914621148434,32
178,5728,5.300229694895594,5.320585962282023,5.3260187868920355,0.005528991587576027,1.0,0.0,1.0,5.300229694895594,0.07067568415644745,0.0,0.03241456672866506,32
179,5760,5.300229694895594,5.320585962282023,5.3260187868920355,0.005528991587576027,1.0,0.0,1.0,5.300229694895594,0.07067568415644745,0.0,0.03241456672866506,32
180,5792,5.300229694895594,5.320214668278596,5.325943042696269,0.005358445041707134,1.0,0.0,1.0,5.300229694895594,0.07067568415644745,0.0,0.032671441073360216,32
181,5824,5.300229694895594,5.320124354642936,5.325047355258861,0.005284986826966052,1.0,0.0,1.0,5.300229694895594,0.07067568415644745,0.0,0.0326524402154482,32
182,5856,5.300229694895594,5.3196883905685866,5.32465940691018,0.00521804129192631,1.0,0.0,1.0,5.300229694895594,0.07067568415644745,0.0,0.03240761718031461,32
183,5888,5.300229694895594,5.3195358695187585,5.324581819829888,0.005141276928141877,1.0,0.0,1.0,5.300229694895594,0.07067568415644745,0.0,0.032036440663750325,32
184,5920,5.300229694895594,5.3194288896351765,5.324398209052586,0.005070294237850634,1.0,0.0,1.0,5.300229694895594,0.07067568415644745,0.0,0.03163164424709836,32
185,5952,5.300229694895594,5.319140900534785,5.323771189488214,0.004913038059431417,1.0,0.0,1.0,5.300229694895594,0.07067568415644745,0.0,0.03150407776779672,32
186,5984,5.300229694895594,5.318727540930347,5.323518602163986,0.004768035409303788,1.0,0.0,1.0,5.300229694895594,0.07067568415644745,0.0,0.030711143749539795,32
187,6016,5.300229694895594,5.318209397719205,5.322755026534907,0.004757230470390245,1.0,0.0,1.0,5.300229694895594,0.07067568415644745,0.0,0.03028686582357432,32
188,6048,5.300229694895594,5.318173723662978,5.322571519764959,0.004725345193559963,1.0,0.0,1.0,5.300229694895594,0.07067568415644745,0.0,0.029892073760078366,32
189,6080,5.300229694895594,5.317227886152933,5.322418410665778,0.005385144011413411,1.0,0.0,1.0,5.300229694895594,0.07067568415644745,0.0,0.029820077334562652,32
190,6112,5.300229694895594,5.316786658565393,5.3223903293817205,0.005268196569656585,1.0,0.0,1.0,5.300229694895594,0.07067568415644745,0.0,0.029344588073574072,32
191,6144,5.2999198417729625,5.315786474828445,5.322290987887432,0.005846177409827615,1.0,0.0,1.0,5.2999198417729625,0.07188106021302154,0.0,0.029664597739694463,32
192,6176,5.2999198417729625,5.315323419211408,5.321307137568118,0.0056989853925057754,1.0,0.0,1.0,5.2999198417729625,0.07188106021302154,0.0,0.029780197486914507,32
193,6208,5.2999198417729625,5.3152141782187545,5.321271289696271,0.005616141136639534,1.0,0.0,1.0,5.2999198417729625,0.07188106021302154,0.0,0.029789257491684262,32
194,6240,5.2999198417729625,5.3152141782187545,5.321271289696271,0.005616141136639534,1.0,0.0,1.0,5.2999198417729625,0.07188106021302154,0.0,0.029789257491684262,32
195,6272,5.2999198417729625,5.314679368230815,5.321158463555262,0.00542102728981342,1.0,0.0,1.0,5.2999198417729625,0.07188106021302154,0.0,0.030164540972138776,32
196,6304,5.2999198417729625,5.3145322762212475,5.32070716452671,0.005305865472440269,1.0,0.0,1.0,5.2999198417729625,0.07188106021302154,0.0,0.029776148138977124,32
197,6336,5.2999198417729625,5.314376093415377,5.319584620705185,0.005159864931789356,1.0,0.0,1.0,5.2999198417729625,0.07188106021302154,0.0,0.029467825627737348,32
198,6368,5.2999198417729625,5.3140249233694625,5.319547804959876,0.005175807281465582,1.0,0.0,1.0,5.2999198417729625,0.07188106021302154,0.0,0.028502747230094064,32
199,6400,5.2999198417729625,5.313790817244022,5.3193391530668,0.005015825254751359,1.0,0.0,1.0,5.2999198417729625,0.07188106021302154,0.0,0.028875057477445707,32
200,6432,5.2999198417729625,5.313494626368138,5.318910881376428,0.004958968660494623,1.0,0.0,1.0,5.2999198417729625,0.07188106021302154,0.0,0.028814792899229627,32
