generation,best,mean,worst,std
0,1.9500379461166328,2.2095978724593355,2.472545059514932,0.14316491278549898
1,1.9500379461166328,2.103233225744591,2.2866841609397603,0.10477972453383838
2,1.9483682597743452,2.0434817368462515,2.167937587110381,0.060721172844602884
3,1.9483682597743452,2.006510428277684,2.074893977169143,0.031020047116135093
4,1.9483682597743452,1.9889519031923262,2.02512627209404,0.017313793031109966
5,1.9483682597743452,1.9801287640715992,2.003128865711603,0.012677660692578174
6,1.9457754289594338,1.9729775933625724,1.9863244746427187,0.009200660691248998
7,1.9457754289594338,1.9680800242796783,1.979259261151372,0.007095914455168431
8,1.9339128179600698,1.9650520179689102,1.9725632983390229,0.006480506641664842
9,1.9339128179600698,1.9629047774682369,1.9689144781509667,0.007134415234196607
10,1.9339128179600698,1.9610002268189317,1.968093321699362,0.007453492586057965
11,1.9035901572594793,1.958130878063196,1.967149849352494,0.00933267414633101
12,1.9035901572594793,1.9551051962140542,1.9642270562078867,0.010585087336325804
13,1.9035901572594793,1.9527001776583655,1.9619022013745089,0.010270255942441103
14,1.9035901572594793,1.9487153448223538,1.9589707583472886,0.012060205232154026
15,1.9035901572594793,1.9446754998818288,1.9566230019325577,0.012465494570371601
16,1.902176586293492,1.9402668047947775,1.9555964954517706,0.013054267923519457
17,1.892588502991507,1.936224670820681,1.951083520960276,0.012868969989797878
18,1.892588502991507,1.9320693339997237,1.947352287751737,0.012313143826368
19,1.892588502991507,1.9293922800673988,1.9443974553255285,0.01217954627989999
20,1.8896081844020636,1.9252929685771571,1.940750263029071,0.012236491153318364
21,1.8896081844020636,1.9225295104175018,1.9375458006928556,0.01154136234191541
22,1.887957193640247,1.9184574900390574,1.9342904180485023,0.01147048433356628
23,1.8708724290502794,1.9144253594413967,1.928734778594252,0.011514809054413494
24,1.8708724290502794,1.909811069943313,1.9244119665729746,0.010832447071111181
25,1.8708724290502794,1.9084582904168454,1.9224176421289243,0.010372130318473907
26,1.8708724290502794,1.9052111020546507,1.9181682127218653,0.01007023890418628
27,1.8708724290502794,1.9020872165389215,1.9151516677511113,0.009018772516575967
28,1.8602080214564343,1.8980680832460728,1.9100813289147214,0.009414624213593481
29,1.8602080214564343,1.8950315356899714,1.9060344772472964,0.00884941593244798
30,1.8602080214564343,1.8928866934659552,1.9031475159913227,0.008245495105206958
31,1.8602080214564343,1.8906149538796015,1.9010886332957289,0.007789798333886134
32,1.8602080214564343,1.888899722698314,1.898628977389665,0.006976657040650296
33,1.8602080214564343,1.8863761360533848,1.8949505778373168,0.007058788441201717
34,1.8602080214564343,1.8852854135649122,1.8934097368619893,0.00655255434740201
35,1.8602080214564343,1.8844276715161228,1.8923913212633574,0.00628958500728398
36,1.8574963558198174,1.8828344591358692,1.8904502389442246,0.00707951195056078
37,1.8574963558198174,1.8810109308420027,1.888959276365492,0.007248975340257185
38,1.856451624603214,1.8794203440185129,1.8880577467826445,0.007517261920973077
39,1.856451624603214,1.8783919920115935,1.8875570590006057,0.0073219476955809736
40,1.852281765382119,1.8774168246424479,1.8866513074534006,0.007546625148588826
41,1.852281765382119,1.8763038353570998,1.885091555840595,0.007653088354728585
42,1.852281765382119,1.875254246845424,1.8841705604563703,0.00758554472537196
43,1.852281765382119,1.8743700583597254,1.8833257233278107,0.007216017477334496
44,1.852281765382119,1.8735023645598776,1.8820901386908686,0.006755831622956779
45,1.852281765382119,1.872836918349036,1.8811962039089754,0.007016948831475518
46,1.852281765382119,1.8723834850034944,1.8804562608890583,0.006808857329117166
47,1.852281765382119,1.8718334540713073,1.8796421899077758,0.006559118062026144
48,1.852281765382119,1.8710813391417576,1.8790252120210171,0.006496248229258445
49,1.8510151765245508,1.870478767682934,1.8782528435863872,0.006549938354276394
50,1.8510151765245508,1.869869278076292,1.8774825433846158,0.0063973442446886054
51,1.8510151765245508,1.8694329532554272,1.8768170893578804,0.006388805369629703
52,1.8510151765245508,1.8690999425064203,1.876659179144005,0.006511051856273519
53,1.8510151765245508,1.8680741745745217,1.8751627724101283,0.006572996533108032
54,1.8510151765245508,1.8678886580339806,1.8751468334827135,0.006519832199298223
55,1.8509222607717661,1.8674329411980557,1.8745281720111717,0.006560158995217974
56,1.8509222607717661,1.86737429847418,1.8744388046215095,0.006509633748182612
57,1.8509222607717661,1.8671201797495556,1.8737343591483273,0.006374554954672782
58,1.8509222607717661,1.86676864187621,1.87348753578768,0.00618613072094084
59,1.8509222607717661,1.8661958166127632,1.873244301958907,0.00618734710420706
60,1.8509222607717661,1.8658562209266074,1.8725259323561354,0.0059875615362945745
61,1.8509222607717661,1.865507264906991,1.871976008960563,0.005844518782223339
62,1.8509222607717661,1.8651767292117944,1.8717568148555614,0.005905111651467709
63,1.8509222607717661,1.8649642057827456,1.8715688670482042,0.005858883793399132
64,1.8509222607717661,1.8648568319190766,1.871142190400982,0.005771097921700294
65,1.8509222607717661,1.8644277553254707,1.8707347065782185,0.005657848671310786
66,1.8509222607717661,1.864324384514063,1.8707026974062093,0.005596781486582772
67,1.8509222607717661,1.8642399634448343,1.8705833270048797,0.005541844660177849
68,1.8509222607717661,1.8640120387050287,1.8702942902970532,0.005453135940674061
69,1.8509222607717661,1.863822423966728,1.870246582260392,0.005418734945605639
70,1.8509222607717661,1.8636751341697926,1.870074739539763,0.0053430785614912366
71,1.8509222607717661,1.8633629303167578,1.8697987689789684,0.005325449117165516
72,1.8509222607717661,1.8632387782913655,1.8696274453989434,0.005284664274730841
73,1.8509222607717661,1.8630301055144605,1.8694032983980842,0.005215926791087276
74,1.8509222607717661,1.8630093098381337,1.8693708711531358,0.005194577570165405
75,1.8506544919703347,1.8624393804905153,1.8691602032212062,0.00518388525594864
76,1.8450270769152326,1.862188925867434,1.8691353459915512,0.005410725158791424
77,1.8450270769152326,1.862036351809143,1.868888381987704,0.00532178313964254
78,1.8450270769152326,1.861582613986115,1.8685727388149034,0.005503095957758785
79,1.8450270769152326,1.861285752757298,1.8678897819446598,0.005298008108013628
80,1.8450270769152326,1.861271392780704,1.8676954531357324,0.005281475425619604
81,1.8450270769152326,1.8609136154157107,1.86701609605015,0.005319377466046937
82,1.8450270769152326,1.8605661279297252,1.8667337175945915,0.005113908535537035
83,1.8450270769152326,1.8604438897729654,1.866615440792341,0.005066684616313381
84,1.8450270769152326,1.8600497088800458,1.8659493404824175,0.005027736792057448
85,1.8450270769152326,1.8595571775935893,1.8654805010491544,0.004972028042622085
86,1.8450270769152326,1.8593141860982485,1.8652871459031901,0.005069211301899896
87,1.8450270769152326,1.859276055456849,1.8652576908583667,0.0050305417325348266
88,1.8450270769152326,1.8590289941339462,1.8649641216345163,0.005058348039500485
89,1.8450270769152326,1.8588269342999946,1.864841122815006,0.005181218372273313
90,1.8450270769152326,1.8585780523793758,1.8647518731866648,0.005163696209031228
91,1.8450270769152326,1.8585241950070661,1.8646973816385357,0.005126978451899234
92,1.8450270769152326,1.8583821749476923,1.8643636935176655,0.005052660450629652
93,1.8450270769152326,1.8583045457810514,1.8643142558407308,0.004992549376580114
94,1.8450270769152326,1.8582544572844661,1.8640955798564796,0.004942437834620483
95,1.8450270769152326,1.8580095824468938,1.8639162197501626,0.004826686063053223
96,1.8450270769152326,1.8574228734293803,1.863579618556609,0.004816836765052347
97,1.8450270769152326,1.8572145642845443,1.8634179890074094,0.004747203239306605
98,1.8450270769152326,1.8571230821664104,1.8632127625633779,0.004674689697692673
99,1.8450270769152326,1.8570045980219052,1.8630480997617547,0.004592619703678929
100,1.8450270769152326,1.8569709558105831,1.8629546182596988,0.0045554561012525275
