generation,evaluations,best,mean,std,worst
0,20,6.030455298528511,6.2381960926770725,0.11681357077351422,6.693559759690381
1,40,6.030455298528511,6.182538577209206,0.048024490189808186,6.218578175225545
2,60,6.030455298528511,6.156285152724512,0.05485416796286404,6.196158967950772
3,80,5.966335569109295,6.128078879356868,0.06287863632435689,6.183041841647532
4,100,5.966335569109295,6.080463385306492,0.06123316479609193,6.158483811445933
5,120,5.956444874882435,6.048395275781935,0.04816313917296476,6.1325553176239955
6,140,5.935919081463533,6.016909368392012,0.03887806289061413,6.065951974519807
7,160,5.935919081463533,5.994710064435531,0.03188391331034462,6.036211861108142
8,180,5.935919081463533,5.9819472516405465,0.025192156603629758,6.02360836692937
9,200,5.935919081463533,5.9689173571083165,0.017078745906041824,5.993216019256737
10,220,5.935919081463533,5.962315232645506,0.014200786359239747,5.984802232620217
11,240,5.9343151159388725,5.951395284567384,0.009389172292786147,5.966335569109295
12,260,5.933353880893792,5.94888261741712,0.008701333479172995,5.961006260795451
13,280,5.932485900081564,5.944199742430064,0.007277873214575071,5.953457022620428
14,300,5.898288848946026,5.94005378868089,0.011407757595580943,5.9509887554536025
15,320,5.898288848946026,5.939227474036406,0.011182066398441392,5.949737344838031
16,340,5.898288848946026,5.938385362813148,0.010697757681003681,5.949046075600935
17,360,5.898288848946026,5.935901285482531,0.010636552362764026,5.946596509021369
18,380,5.898288848946026,5.931916515118852,0.011718042965399272,5.943951455058624
19,400,5.898005369319768,5.9284917916731015,0.013388408316504834,5.93907191693742
20,420,5.898005369319768,5.9262131355023895,0.012580183491161091,5.9363954404647625
21,440,5.898005369319768,5.9234256662451115,0.012298589402998402,5.935674051716332
22,460,5.898005369319768,5.920951804253227,0.012394504310344544,5.933271142653313
23,480,5.859321886233173,5.910085686087428,0.018556158139795522,5.929599400400979
24,500,5.852451798002026,5.9030002760068125,0.020838280451389572,5.925232456782296
25,520,5.852451798002026,5.900052239389827,0.019530931689618735,5.923939470781349
26,540,5.852451798002026,5.89210333989855,0.015586894203736792,5.917395012309591
27,560,5.852451798002026,5.88532981603787,0.013208443114910273,5.900366791612402
28,580,5.852451798002026,5.88355042079383,0.012155093523358768,5.896155096438622
29,600,5.852451798002026,5.881040981435273,0.011153513162553558,5.8953251898685215
30,620,5.847540125751201,5.874731553538045,0.011305228028464634,5.888578404328294
31,640,5.8128281305147915,5.867051821016037,0.015952765726990965,5.882521744132512
32,660,5.8128281305147915,5.860342630264432,0.016577039310268913,5.876863499347278
33,680,5.8128281305147915,5.8560463376622325,0.015017238336162846,5.871222550181098
34,700,5.8128281305147915,5.8523060958604995,0.014765994361063794,5.868816681845396
35,720,5.8128281305147915,5.8467143241807635,0.015062883285113496,5.8645980066256955
36,740,5.794687281114728,5.839095192738887,0.01606822642754124,5.859321886233173
37,760,5.794687281114728,5.83087192067484,0.01624325772430444,5.852451798002026
38,780,5.794687281114728,5.825144359592924,0.013851090790772909,5.841957725728805
39,800,5.794687281114728,5.8224390146849725,0.013033142587887344,5.837034802074132
40,820,5.794687281114728,5.817524308611433,0.010137770401990837,5.831979504012319
41,840,5.794687281114728,5.815112057327133,0.008643942114926261,5.825517350059105
42,860,5.794687281114728,5.811292561902588,0.007766077918854983,5.821177568523208
43,880,5.765864765598808,5.806168036215268,0.011926077460729698,5.819566608882546
44,900,5.765864765598808,5.8017577688585416,0.012853913563125081,5.816362730816243
45,920,5.765864765598808,5.8007248901951405,0.012194481033653452,5.812884047733097
46,940,5.765864765598808,5.8007248901951405,0.012194481033653452,5.812884047733097
47,960,5.765864765598808,5.79911378417152,0.011330482956992908,5.809687561072442
48,980,5.765864765598808,5.798088935752286,0.010644290299303846,5.8083053739515265
49,1000,5.765864765598808,5.796245134847953,0.009945541360683376,5.806741119705311
50,1020,5.765864765598808,5.796216506978623,0.009916068229607064,5.806416693637352
51,1040,5.765864765598808,5.790374539967151,0.01167273778377962,5.80284212466742
52,1060,5.765864765598808,5.787381438950231,0.011030914404711286,5.799810404024389
53,1080,5.765864765598808,5.7840828535861455,0.009657442249113914,5.798603853930804
54,1100,5.765864765598808,5.782453776506431,0.008235586939202429,5.794687281114728
55,1120,5.765864765598808,5.780656349786602,0.00757911614207373,5.790847077774375
56,1140,5.755753711613891,5.7749534883906835,0.008626119293053234,5.785504021784216
57,1160,5.755753711613891,5.7726909311173,0.008116977825910547,5.78359379291847
58,1180,5.744837161780072,5.770478289989536,0.009453660615101249,5.782914338523137
59,1200,5.744837161780072,5.7682034787801255,0.009481613642910005,5.780269296860061
60,1220,5.744837161780072,5.767845416069563,0.009148569691974862,5.778266987722739
61,1240,5.744837161780072,5.764470487867909,0.00872344255943504,5.774472500580679
62,1260,5.744837161780072,5.761567871466507,0.008520036811978679,5.773108042648817
63,1280,5.744837161780072,5.758473559243452,0.007579930366996304,5.769439213495379
64,1300,5.744837161780072,5.756698976992248,0.007217432336358542,5.766082289020729
65,1320,5.7332544638640845,5.753234013991447,0.009093401298248578,5.765757932662074
66,1340,5.7332544638640845,5.7516795929288485,0.007913700682790159,5.7621350645195335
67,1360,5.7332544638640845,5.751114551774056,0.007359047026278126,5.760838758942651
68,1380,5.711812250009697,5.747448930950346,0.01061933146851817,5.756794398611117
69,1400,5.711812250009697,5.74673205821563,0.010227104496455593,5.755753711613891
70,1420,5.711812250009697,5.7432327401190015,0.0109971414722692,5.753998977314188
71,1440,5.711812250009697,5.74316726869249,0.010936580927901753,5.753383624509475
72,1460,5.711812250009697,5.739565449534614,0.011272245069108462,5.750634914917806
73,1480,5.7030844976599235,5.733946016963467,0.012901977984563594,5.74848440554516
74,1500,5.7030844976599235,5.728483600910378,0.01105503510679641,5.744837161780072
75,1520,5.6979299893568935,5.7224072157780075,0.009914047309913108,5.737922815472068
76,1540,5.696570899287026,5.720339619968755,0.010740225902212141,5.736282262698911
77,1560,5.696570899287026,5.719486949158157,0.00989447225820057,5.732804226757477
78,1580,5.696570899287026,5.717691868236612,0.009190039871302262,5.730360275075304
79,1600,5.696570899287026,5.7168069254093785,0.008448070716721734,5.725692317659911
80,1620,5.694616577752434,5.714017043879933,0.009417673353406063,5.722924889727502
81,1640,5.693007248048131,5.711324270391479,0.009628341879747445,5.721097743286486
82,1660,5.67775609586444,5.706821141127534,0.011850256386755414,5.71932551184568
83,1680,5.67775609586444,5.703315317918174,0.009583701175041058,5.715561564317758
84,1700,5.67775609586444,5.699912203054787,0.008183630786390075,5.710327485462639
85,1720,5.67775609586444,5.697113470773543,0.00747562027828794,5.706482814761562
86,1740,5.67775609586444,5.6960375560093635,0.007597231502737365,5.706432926715339
87,1760,5.67775609586444,5.6935105933260335,0.006772516007958887,5.7024154651942585
88,1780,5.67775609586444,5.692670842982435,0.006135643919788889,5.701871292445494
89,1800,5.67775609586444,5.691319036576964,0.005460506690200108,5.698239695936141
90,1820,5.675083028860626,5.689822951994414,0.0059921648497422595,5.696570899287026
91,1840,5.673321094301787,5.688229663583419,0.006546965731639542,5.695790961779553
92,1860,5.672020624480719,5.685195042865909,0.0074695093282009465,5.694556169757209
93,1880,5.672020624480719,5.683790716359997,0.006847941874788888,5.691825647484866
94,1900,5.667571294929397,5.679540514062241,0.006779698520597924,5.689380948087582
95,1920,5.663372443413033,5.677991521772302,0.0069388458025898625,5.68765464648361
96,1940,5.661660662071325,5.676691822551687,0.0074245816701944845,5.687522961481844
97,1960,5.661660662071325,5.6759011196542275,0.006737254688445245,5.684964519477975
98,1980,5.661660662071325,5.674317917304572,0.00550718128652518,5.683022608752725
99,2000,5.647855776573836,5.67164617900948,0.007289930492436783,5.680520695797501
100,2020,5.647855776573836,5.670675304832181,0.0071721163754469115,5.678049436231105
